INSERT INTO address (address_id, url, email, phone, first_name, last_name, country, city, zipcode, street) VALUES (1, 'amazon.com', 'support@amazon.com', '+7 777 7777777', 'Chris', 'Amazonoff', 'USA', 'Detroit', '40000', 'Belleware Street 12-45');
INSERT INTO address (address_id, url, email, phone, first_name, last_name, country, city, zipcode, street) VALUES (2, 'apple.com', 'support@apple.com', '+7 777 7777777', 'Steve', 'Jobs', 'USA', 'Cupertino', '40000', 'Los Angeles');

INSERT INTO supplier (supplier_id, name, address_id) VALUES (1, 'amazon.com', 1);
INSERT INTO supplier (supplier_id, name, address_id) VALUES (2, 'apple.com', 1);

INSERT INTO category (category_id, description, name) VALUES (1, 'Графические карты для компьютера', 'Графические карты');
INSERT INTO category (category_id, description, name) VALUES (2, 'Сотовые телефоны', 'Сотовые телефоны');

INSERT INTO product (product_id, description, name, photo, purchase_price, quantity, retail_price, category_id, supplier_id) VALUES (1, 'Power by GeForce GTX 1080, Integrated with 8GB gddr5x 256bit Memory, Boost: 1860 MHz / base: 1721 MHz in OC mode, Boost: 1835 MHz / base: 1695 MHz in gaming mode, Support up to 8K Display @60Hz (Requires 2*dp1.3 connectors)', 'Gigabyte GeForce GTX GV-N1080G1 GAMING-8GD Video Graphics Cards', 'https://images-na.ssl-images-amazon.com/images/I/81QAm%2BgnXtL._SX522_.jpg', 592, 1, 649, 1, 1);
INSERT INTO product (product_id, description, name, photo, purchase_price, quantity, retail_price, category_id, supplier_id) VALUES (2, '1835 MHz Boost Clock with Super Alloy Power II Delivery, Aura RGB Lighting on both shroud and back plate, New ASUS Fan Connect provides dual 4-pin GPU-controlled PWM fan headers, Direct CU III with 0dB fan technology and patented wing-blade fans, 4K and VR Ready with dual HDMI 2.0 ports to simultaneously connect headset & monitor', 'ASUS GeForce GTX 1080 8GB ROG STRIX Graphics Card (STRIX-GTX1080-A8G-GAMING)', 'https://images-na.ssl-images-amazon.com/images/I/51rLyUhiazL.jpg', 669, 1, 750, 1, 1);
INSERT INTO product (product_id, description, name, photo, purchase_price, quantity, retail_price, category_id, supplier_id) VALUES (3, 'Twin Frozr VI Thermal Design, Airflow Control Technology, TORX Fan 2.0: Supremely Silent, LED Control, Mobile App Included', 'MSI GAMING GeForce GTX 1080 8GB GDDR5X DirectX 12 VR Ready (GeForce GTX 1080 GAMING X 8G)', 'https://images-na.ssl-images-amazon.com/images/I/61FsUQ%2BtTpL._SX522_.jpg', 699, 1, 800,1,1);

INSERT INTO product (product_id, description, name, photo, purchase_price, quantity, retail_price, category_id, supplier_id) VALUES (4,'Keep everything you love about iPhone up to date, secure, and accessible from any device with iCloud, Multi-Touch display with IPS technology, With just a single press, 3D Touch lets you do more than ever before, The 12-megapixel iSight camera captures sharp, detailed photos. It takes 4K video, up to four times the resolution of 1080p HD video.','Apple iPhone 7 Unlocked Phone 32 GB - US Version (Black)', 'https://images-na.ssl-images-amazon.com/images/I/51Bzm4S-G6L._SL1000_.jpg', 780, 1, 800, 2, 2);
INSERT INTO product (product_id, description, name, photo, purchase_price, quantity, retail_price, category_id, supplier_id) VALUES (5,'Keep everything you love about iPhone up to date, secure, and accessible from any device with iCloud, Multi-Touch display with IPS technology, With just a single press, 3D Touch lets you do more than ever before, The 12-megapixel iSight camera captures sharp, detailed photos. It takes 4K video, up to four times the resolution of 1080p HD video.','Apple iPhone 7 Unlocked Phone 128 GB - US Version (Black)', 'https://images-na.ssl-images-amazon.com/images/I/51Bzm4S-G6L._SL1000_.jpg', 843, 1, 890, 2, 2);
INSERT INTO product (product_id, description, name, photo, purchase_price, quantity, retail_price, category_id, supplier_id) VALUES (6,'Keep everything you love about iPhone up to date, secure, and accessible from any device with iCloud, Multi-Touch display with IPS technology, With just a single press, 3D Touch lets you do more than ever before, The 12-megapixel iSight camera captures sharp, detailed photos. It takes 4K video, up to four times the resolution of 1080p HD video.','Apple iPhone 7 Unlocked Phone 32 GB - US Version (Silver)', 'https://images-na.ssl-images-amazon.com/images/I/51QsA8IxAuL.jpg', 819, 1, 849, 2, 2);
INSERT INTO product (product_id, description, name, photo, purchase_price, quantity, retail_price, category_id, supplier_id) VALUES (7,'Keep everything you love about iPhone up to date, secure, and accessible from any device with iCloud, Multi-Touch display with IPS technology, With just a single press, 3D Touch lets you do more than ever before, The 12-megapixel iSight camera captures sharp, detailed photos. It takes 4K video, up to four times the resolution of 1080p HD video.','Apple iPhone 7 Unlocked Phone 128 GB - US Version (Silver)', 'https://images-na.ssl-images-amazon.com/images/I/51QsA8IxAuL.jpg', 922, 1, 949, 2, 2);
INSERT INTO product (product_id, description, name, photo, purchase_price, quantity, retail_price, category_id, supplier_id) VALUES (8,'Keep everything you love about iPhone up to date, secure, and accessible from any device with iCloud, Multi-Touch display with IPS technology, With just a single press, 3D Touch lets you do more than ever before, The 12-megapixel iSight camera captures sharp, detailed photos. It takes 4K video, up to four times the resolution of 1080p HD video.','Apple iPhone 7 Unlocked Phone 256 GB - US Version (Gold)', 'https://images-na.ssl-images-amazon.com/images/I/51QsA8IxAuL.jpg', 1078, 1, 1150, 2, 2);
INSERT INTO product (product_id, description, name, photo, purchase_price, quantity, retail_price, category_id, supplier_id) VALUES (9,'Keep everything you love about iPhone up to date, secure, and accessible from any device with iCloud, Multi-Touch display with IPS technology, With just a single press, 3D Touch lets you do more than ever before, The 12-megapixel iSight camera captures sharp, detailed photos. It takes 4K video, up to four times the resolution of 1080p HD video.','Apple iPhone 7 Unlocked Phone 32 GB - US Version (Rose Gold)', 'https://images-na.ssl-images-amazon.com/images/I/51eudsQfLyL.jpg', 805, 1, 839, 2, 2);
INSERT INTO product (product_id, description, name, photo, purchase_price, quantity, retail_price, category_id, supplier_id) VALUES (10,'Keep everything you love about iPhone up to date, secure, and accessible from any device with iCloud, Multi-Touch display with IPS technology, With just a single press, 3D Touch lets you do more than ever before, The 12-megapixel iSight camera captures sharp, detailed photos. It takes 4K video, up to four times the resolution of 1080p HD video.','Apple iPhone 7 Unlocked Phone 128 GB - US Version (Rose Gold)', 'https://images-na.ssl-images-amazon.com/images/I/51eudsQfLyL.jpg', 920, 1, 969, 2, 2);
INSERT INTO product (product_id, description, name, photo, purchase_price, quantity, retail_price, category_id, supplier_id) VALUES (11,'Keep everything you love about iPhone up to date, secure, and accessible from any device with iCloud, Multi-Touch display with IPS technology, With just a single press, 3D Touch lets you do more than ever before, The 12-megapixel iSight camera captures sharp, detailed photos. It takes 4K video, up to four times the resolution of 1080p HD video.','Apple iPhone 7 Unlocked Phone 256 GB - US Version (Rose Gold)', 'https://images-na.ssl-images-amazon.com/images/I/51eudsQfLyL.jpg', 1044, 1, 1189, 2, 2);
INSERT INTO product (product_id, description, name, photo, purchase_price, quantity, retail_price, category_id, supplier_id) VALUES (12,'Keep everything you love about iPhone up to date, secure, and accessible from any device with iCloud, Multi-Touch display with IPS technology, With just a single press, 3D Touch lets you do more than ever before, The 12-megapixel iSight camera captures sharp, detailed photos. It takes 4K video, up to four times the resolution of 1080p HD video.','Apple iPhone 7 Unlocked Phone 256 GB - US Version (Jet Black)', 'https://images-na.ssl-images-amazon.com/images/I/51Lry9ko9PL.jpg', 1240, 1, 1389, 2, 2);
INSERT INTO product (product_id, description, name, photo, purchase_price, quantity, retail_price, category_id, supplier_id) VALUES (13,'Keep everything you love about iPhone up to date, secure, and accessible from any device with iCloud, Multi-Touch display with IPS technology, With just a single press, 3D Touch lets you do more than ever before, The 12-megapixel iSight camera captures sharp, detailed photos. It takes 4K video, up to four times the resolution of 1080p HD video.','Apple iPhone 7 Unlocked Phone 128 GB - US Version (Jet Black)', 'https://images-na.ssl-images-amazon.com/images/I/51Lry9ko9PL.jpg', 1200, 1, 1349, 2, 2);
INSERT INTO product (product_id, description, name, photo, purchase_price, quantity, retail_price, category_id, supplier_id) VALUES (14,'Keep everything you love about iPhone up to date, secure, and accessible from any device with iCloud, Multi-Touch display with IPS technology, With just a single press, 3D Touch lets you do more than ever before, The 12-megapixel iSight camera captures sharp, detailed photos. It takes 4K video, up to four times the resolution of 1080p HD video.','Apple iPhone 7 Plus Unlocked Phone 32 GB - US Version (Black)', 'https://images-na.ssl-images-amazon.com/images/I/51t5TekoScL.jpg', 990, 1, 1049, 2, 2);
INSERT INTO product (product_id, description, name, photo, purchase_price, quantity, retail_price, category_id, supplier_id) VALUES (15,'Keep everything you love about iPhone up to date, secure, and accessible from any device with iCloud, Multi-Touch display with IPS technology, With just a single press, 3D Touch lets you do more than ever before, The 12-megapixel iSight camera captures sharp, detailed photos. It takes 4K video, up to four times the resolution of 1080p HD video.','Apple iPhone 7 Plus Unlocked Phone 128 GB - US Version (Black)', 'https://images-na.ssl-images-amazon.com/images/I/51t5TekoScL.jpg', 1178, 1, 1249, 2, 2);
INSERT INTO product (product_id, description, name, photo, purchase_price, quantity, retail_price, category_id, supplier_id) VALUES (16,'Keep everything you love about iPhone up to date, secure, and accessible from any device with iCloud, Multi-Touch display with IPS technology, With just a single press, 3D Touch lets you do more than ever before, The 12-megapixel iSight camera captures sharp, detailed photos. It takes 4K video, up to four times the resolution of 1080p HD video.','Apple iPhone 7 Plus Unlocked Phone 256 GB - US Version (Black)', 'https://images-na.ssl-images-amazon.com/images/I/51t5TekoScL.jpg', 1240, 1, 1389, 2, 2);
INSERT INTO product (product_id, description, name, photo, purchase_price, quantity, retail_price, category_id, supplier_id) VALUES (17,'Keep everything you love about iPhone up to date, secure, and accessible from any device with iCloud, Multi-Touch display with IPS technology, With just a single press, 3D Touch lets you do more than ever before, The 12-megapixel iSight camera captures sharp, detailed photos. It takes 4K video, up to four times the resolution of 1080p HD video.','Apple iPhone 7 Plus Unlocked Phone 32 GB - US Version (Gold)', 'https://images-na.ssl-images-amazon.com/images/I/51YER8U0VKL.jpg', 992, 1, 1149, 2, 2);
INSERT INTO product (product_id, description, name, photo, purchase_price, quantity, retail_price, category_id, supplier_id) VALUES (18,'Keep everything you love about iPhone up to date, secure, and accessible from any device with iCloud, Multi-Touch display with IPS technology, With just a single press, 3D Touch lets you do more than ever before, The 12-megapixel iSight camera captures sharp, detailed photos. It takes 4K video, up to four times the resolution of 1080p HD video.','Apple iPhone 7 Plus Unlocked Phone 128 GB - US Version (Gold)', 'https://images-na.ssl-images-amazon.com/images/I/51YER8U0VKL.jpg', 1143, 1, 1269, 2, 2);
INSERT INTO product (product_id, description, name, photo, purchase_price, quantity, retail_price, category_id, supplier_id) VALUES (19,'Keep everything you love about iPhone up to date, secure, and accessible from any device with iCloud, Multi-Touch display with IPS technology, With just a single press, 3D Touch lets you do more than ever before, The 12-megapixel iSight camera captures sharp, detailed photos. It takes 4K video, up to four times the resolution of 1080p HD video.','Apple iPhone 7 Plus Unlocked Phone 256 GB - US Version (Gold)', 'https://images-na.ssl-images-amazon.com/images/I/51YER8U0VKL.jpg', 1436, 1, 1589, 2, 2);
INSERT INTO product (product_id, description, name, photo, purchase_price, quantity, retail_price, category_id, supplier_id) VALUES (20,'Keep everything you love about iPhone up to date, secure, and accessible from any device with iCloud, Multi-Touch display with IPS technology, With just a single press, 3D Touch lets you do more than ever before, The 12-megapixel iSight camera captures sharp, detailed photos. It takes 4K video, up to four times the resolution of 1080p HD video.','Apple iPhone 7 Plus Unlocked Phone 32 GB - US Version (Silver)', 'https://images-na.ssl-images-amazon.com/images/I/51ekyNLLWCL.jpg', 1068, 1, 1159, 2, 2);
INSERT INTO product (product_id, description, name, photo, purchase_price, quantity, retail_price, category_id, supplier_id) VALUES (21,'Keep everything you love about iPhone up to date, secure, and accessible from any device with iCloud, Multi-Touch display with IPS technology, With just a single press, 3D Touch lets you do more than ever before, The 12-megapixel iSight camera captures sharp, detailed photos. It takes 4K video, up to four times the resolution of 1080p HD video.','Apple iPhone 7 Plus Unlocked Phone 128 GB - US Version (Silver)', 'https://images-na.ssl-images-amazon.com/images/I/51ekyNLLWCL.jpg', 1093, 1, 1179, 2, 2);
INSERT INTO product (product_id, description, name, photo, purchase_price, quantity, retail_price, category_id, supplier_id) VALUES (22,'Keep everything you love about iPhone up to date, secure, and accessible from any device with iCloud, Multi-Touch display with IPS technology, With just a single press, 3D Touch lets you do more than ever before, The 12-megapixel iSight camera captures sharp, detailed photos. It takes 4K video, up to four times the resolution of 1080p HD video.','Apple iPhone 7 Plus Unlocked Phone 256 GB - US Version (Silver)', 'https://images-na.ssl-images-amazon.com/images/I/51ekyNLLWCL.jpg', 1364, 1, 1489, 2, 2);
INSERT INTO product (product_id, description, name, photo, purchase_price, quantity, retail_price, category_id, supplier_id) VALUES (23,'Keep everything you love about iPhone up to date, secure, and accessible from any device with iCloud, Multi-Touch display with IPS technology, With just a single press, 3D Touch lets you do more than ever before, The 12-megapixel iSight camera captures sharp, detailed photos. It takes 4K video, up to four times the resolution of 1080p HD video.','Apple iPhone 7 Plus Unlocked Phone 32 GB - US Version (Rose Gold)', 'https://images-na.ssl-images-amazon.com/images/I/61qVymPBuJL._SX522_.jpg', 1027, 1, 1109, 2, 2);
INSERT INTO product (product_id, description, name, photo, purchase_price, quantity, retail_price, category_id, supplier_id) VALUES (24,'Keep everything you love about iPhone up to date, secure, and accessible from any device with iCloud, Multi-Touch display with IPS technology, With just a single press, 3D Touch lets you do more than ever before, The 12-megapixel iSight camera captures sharp, detailed photos. It takes 4K video, up to four times the resolution of 1080p HD video.','Apple iPhone 7 Plus Unlocked Phone 128 GB - US Version (Rose Gold)', 'https://images-na.ssl-images-amazon.com/images/I/61qVymPBuJL._SX522_.jpg', 1094, 1, 1189, 2, 2);
INSERT INTO product (product_id, description, name, photo, purchase_price, quantity, retail_price, category_id, supplier_id) VALUES (25,'Keep everything you love about iPhone up to date, secure, and accessible from any device with iCloud, Multi-Touch display with IPS technology, With just a single press, 3D Touch lets you do more than ever before, The 12-megapixel iSight camera captures sharp, detailed photos. It takes 4K video, up to four times the resolution of 1080p HD video.','Apple iPhone 7 Plus Unlocked Phone 256 GB - US Version (Rose Gold)', 'https://images-na.ssl-images-amazon.com/images/I/61qVymPBuJL._SX522_.jpg', 1240, 1, 1379, 2, 2);

INSERT INTO product (product_id, description, name, photo, purchase_price, quantity, retail_price, category_id, supplier_id) VALUES (26, 'Base Clock:1721 MHz/Boost Clock :1860 MHz; Memory Detail: 8192MB GDDR5X, Completely adjustable RGB LED using EVGA Precision XOC, 10 Power Phases, Double BIOS, DX12 OSD Support with EVGA Precision XOC', 'EVGA GeForce GTX 1080 FTW GAMING ACX 3.0, 8GB GDDR5X, RGB LED, 10CM FAN, 10 Power Phases, Double BIOS, DX12 OSD Support (PXOC) Graphics Card 08G-P4-6286-KR', 'https://images-na.ssl-images-amazon.com/images/I/71alPfHhRWL._SL1200_.jpg', 595, 1, 669,1,1);
INSERT INTO product (product_id, description, name, photo, purchase_price, quantity, retail_price, category_id, supplier_id) VALUES (27, 'Base Clock: 1709 MHz / Boost Clock: 1847 MHz; Memory Detail: 8192MB GDDR5X, Run Longer, Play Longer with EVGA "ACX 3.0" Cooling, Ultimate 4K GAMING (up to 120Hz + GSYNC), DX12 OSD Support with EVGA Precision XOC, 3 Year Warranty & EVGA''s 24/7 Technical Support', 'EVGA GeForce GTX 1080 SC GAMING ACX 3.0, 8GB GDDR5X, LED, DX12 OSD Support (PXOC) Graphics Card 08G-P4-6183-KR', 'https://images-na.ssl-images-amazon.com/images/I/71c0Kal5H-L._SL1200_.jpg', 600, 1, 679,1,1);
INSERT INTO product (product_id, description, name, photo, purchase_price, quantity, retail_price, category_id, supplier_id) VALUES (28, 'New Pascal Architecture, 8 GB 256-bit GDDR5X, Virtual Reality Ready, 4K Gaming, 1x Dual-link DVI-I, 3x DisplayPort (version 1.4), 1x HDMI, Boost Clock 1822 MHz, Extended warranty included with every graphics card purchase. User registration required on ZOTAC website.', 'ZOTAC GeForce GTX 1080 AMP! Edition, ZT-P10800C-10P, 8GB GDDR5X IceStorm Cooling, Metal Wraparound Carbon ExoArmor exterior, Ultra-wide 100mm Fans, Spectra Lighting, PowerBoost, FREEZE fan stop', 'https://images-na.ssl-images-amazon.com/images/I/81Vxu%2BfxN1L._SL1500_.jpg', 601, 1, 689, 1, 1);

INSERT INTO product (product_id, description, name, photo, purchase_price, quantity, retail_price, category_id, supplier_id) VALUES (29, 'Base Clock: 1607 MHz / Boost Clock: 1797 MHz; Memory Detail: 8192MB GDDR5, Completely adjustable RGB LED using EVGA Precision XOC, 10 Power Phases, Double BIOS, DX12 OSD Support with EVGA Precision XOC', 'EVGA GeForce GTX 1070 FTW GAMING ACX 3.0, 8GB GDDR5, RGB LED, 10CM FAN, 10 Power Phases, Double BIOS, DX12 OSD Support (PXOC) Graphics Card 08G-P4-6276-KR', 'https://images-na.ssl-images-amazon.com/images/I/71g5zicYoML._SL1200_.jpg', 407, 1, 469, 1, 1);